INDEX:198:<ulong>,amplitude:198:<double>,average:198:<double>,change_percentage:198:<double>,close_price:198:<double>,divergence_h_highest:198:<double>,divergence_h_lowest:198:<double>,highest_price:198:<double>,lowest_price:198:<double>,ma10:198:<double>,ma20:198:<double>,ma3:198:<double>,ma30:198:<double>,ma5:198:<double>,ma60:198:<double>,name:198:<string>,nonrest_float_amount:198:<double>,open_price:198:<double>,ticker:198:<string>,trade_date:198:<string>,tradestatus:198:<double>,turnover_amount:198:<double>,turnover_rate:198:<double>,turnover_vol:198:<double>,turnover_vol_ratio:198:<double>
0,6.87,62.38,3.97,62.39,0,0,63.04,58.92,57.15,55.48,59.94,54.79,58.2,54.93,,0,59.39,300861,2021-05-06,1,196636611.54,7.88,315214900,2.07
1,7.26,61.08,-5.98,58.65,0,0,62.98,58.46,57.4,55.61,60.35,55.04,58.74,54.96,,0,62.38,300861,2021-05-07,1,146682061.14,6,240144000,1.22
2,3.49,59.52,1.98,59.82,0,0,60,57.96,57.75,55.87,60.29,55.31,59.66,55.04,,0,59.35,300861,2021-05-10,1,81410843.88,3.42,136785300,0.59
3,4.96,59.51,-1.08,59.17,0,0,60.76,57.79,57.96,56.13,59.21,55.54,60.01,54.98,,0,59.59,300861,2021-05-11,1,86601992.14,3.64,145530500,0.6
4,7.55,62.06,6.26,62.87,0,0,62.89,58.43,58.7,56.57,60.62,55.93,60.58,55.06,,0,58.58,300861,2021-05-12,1,130723966.4,5.26,210629100,0.97
5,3.39,61.59,-2.73,61.16,0,0,62.3,60.16,59.27,56.98,61.07,56.2,60.33,55.17,,0,62.01,300861,2021-05-13,1,102991100.44,4.18,167226100,0.8
6,6.57,62.91,3.1,63.05,0,0,63.79,59.77,59.98,57.56,62.36,56.5,61.21,55.33,,0,61.08,300861,2021-05-14,1,135207534.9,5.37,214928300,1.19
7,6.66,65.96,5.48,66.51,0,0,66.89,62.69,61.11,58.28,63.57,56.91,62.55,55.55,,0,63.54,300861,2021-05-17,1,199036454.4,7.54,301775900,1.72
8,5.87,67.34,-1.15,65.74,0,0,68.94,65.04,61.94,58.95,65.1,57.31,63.87,55.67,,0,66.51,300861,2021-05-18,1,181824642.03,6.75,270021800,1.3
9,4.21,66.53,-0.24,65.58,0,0,67.3,64.53,62.49,59.53,65.94,57.6,64.41,55.73,,0,65.7,300861,2021-05-19,1,91662161.24,3.44,137780000,0.59
10,5.95,68.2,3.03,67.57,0,0,68.88,64.98,63.01,60.08,66.3,57.99,65.69,55.87,,0,65.58,300861,2021-05-20,1,114827531.53,4.21,168369400,0.77
11,3.38,67.41,-1.75,66.39,0,0,68.5,66.22,63.79,60.59,66.51,58.34,66.36,55.98,,0,67.57,300861,2021-05-21,1,81127416.87,3.01,120343500,0.55
12,4.52,66.35,-0.1,66.32,0,0,67.76,64.76,64.44,61.09,66.76,58.72,66.32,56.06,,0,65.79,300861,2021-05-24,1,85371701.64,3.22,128664300,0.64
13,5.73,68.76,3.76,68.81,0,0,69.48,65.67,65.4,61.68,67.17,59.22,66.93,56.24,,0,65.99,300861,2021-05-25,1,110182570.12,4,160234000,0.97
14,3.15,69.73,1.83,70.07,0,0,70.68,68.51,66.12,62.41,68.4,59.76,67.83,56.47,,0,70,300861,2021-05-26,1,97784768.57,3.51,140237100,0.98
15,5.94,72.78,5.25,73.75,0,0,73.96,69.8,67.38,63.32,70.88,60.45,69.07,56.79,,0,70.05,300861,2021-05-27,1,126857932.93,4.36,174312500,1.21
16,10.07,75.66,0.18,73.88,0,0,79.93,72.5,68.46,64.22,72.57,61.19,70.57,57.07,,0,73.98,300861,2021-05-28,1,250885189.13,8.29,331613400,2.29
17,4.72,74.17,1.19,74.76,0,0,76.29,72.8,69.29,65.2,74.13,61.95,72.25,57.34,,0,74.09,300861,2021-05-31,1,180952045.51,6.1,243981700,1.3
18,3.44,74.96,0.59,75.2,0,0,76.58,74.01,70.23,66.08,74.61,62.71,73.53,57.63,,0,74.3,300861,2021-06-01,1,117913332.95,3.93,157308600,0.75
19,5.08,73.56,-2.79,73.1,0,0,75.99,72.17,70.99,66.74,74.35,63.35,74.14,57.95,,0,75.99,300861,2021-06-02,1,117553264.11,3.99,159816200,0.76
20,3.2,72.89,-0.83,72.49,0,0,74.34,72,71.48,67.24,73.6,63.88,73.89,58.23,,0,72.79,300861,2021-06-03,1,115622138,3.96,158620000,0.74
21,3.01,72,-1.13,71.67,0,0,73.18,71,72.01,67.9,72.42,64.4,73.44,58.54,,0,72,300861,2021-06-04,1,84698455.19,2.94,117629500,0.56
22,3.35,71.66,1.1,72.46,0,0,73,70.6,72.62,68.53,72.21,64.94,72.98,58.89,,0,71.72,300861,2021-06-07,1,76378420.11,2.66,106582000,0.64
23,4.75,73.53,-0.39,72.18,0,0,75.04,71.6,72.96,69.18,72.1,65.44,72.38,59.26,,0,72.9,300861,2021-06-08,1,138543440.34,4.71,188409900,1.35
24,3.56,73.01,0.3,72.4,0,0,74.14,71.57,73.19,69.65,72.35,66,72.24,59.62,,0,71.57,300861,2021-06-09,1,86997209.84,2.98,119152600,0.81
25,6.57,72.25,-0.43,72.09,0,0,74.94,70.18,73.02,70.2,72.22,66.56,72.16,60,,0,72.4,300861,2021-06-10,1,209345859.11,7.24,289768100,2.1
26,4.34,73.16,1.69,73.31,0,0,74.38,71.25,72.97,70.71,72.6,67.14,72.49,60.41,,0,72.79,300861,2021-06-11,1,124677509.11,4.26,170407300,1.04
27,5.18,75.34,3.72,76.04,0,0,76.8,73,73.09,71.19,73.81,67.83,73.2,60.85,,0,73.92,300861,2021-06-15,1,160430912.06,5.32,212938700,1.22
28,8.75,72.43,-5.05,72.2,0,0,76.7,70.05,72.79,71.51,73.85,68.32,73.21,61.21,,0,76.68,300861,2021-06-16,1,165037107.07,5.69,227845700,1.16
29,6.54,74.12,4.85,75.7,0,0,76.02,71.3,73.05,72.02,74.65,68.84,73.87,61.63,,0,72.35,300861,2021-06-17,1,131824303.03,4.44,177841700,0.87
30,5.28,76.14,0.41,76.01,0,0,77.7,73.7,73.41,72.44,74.64,69.3,74.65,62.05,,0,76.29,300861,2021-06-18,1,183063896.82,6.01,240419800,1.11
31,6.84,78.35,4.05,79.09,0,0,80.24,75.04,74.15,73.08,76.93,69.98,75.81,62.51,,0,75.85,300861,2021-06-21,1,163972415.95,5.23,209276500,1.02
32,4.12,79,0.63,79.59,0,0,80.5,77.24,74.86,73.74,78.23,70.64,76.52,62.97,,0,79.08,300861,2021-06-22,1,92694817.31,2.93,117330800,0.55
33,4.13,80.16,0.5,79.99,0,0,81.59,78.3,75.64,74.3,79.56,71.33,78.08,63.44,,0,79.49,300861,2021-06-23,1,71967441.54,2.24,89777700,0.46
34,10.38,84.72,6.39,85.1,0,0,88.3,80,76.91,75.05,81.56,72.07,79.96,64,,0,80,300861,2021-06-24,1,195360686.54,5.76,230589000,1.38
35,2.82,84.07,-2.12,83.3,0,0,85.5,83.1,78.03,75.53,82.8,72.81,81.41,64.5,,0,83.16,300861,2021-06-25,1,143060215.17,4.25,170163400,0.96
36,4.95,83.41,-0.24,83.1,0,0,86.42,82.3,79.01,75.99,83.83,73.48,82.22,64.99,,0,85,300861,2021-06-28,1,119769969.35,3.59,143596500,0.88
37,3.77,84.22,-0.05,83.06,0,0,86.04,82.91,79.71,76.4,83.15,74.03,82.91,65.47,,0,83.3,300861,2021-06-29,1,151181745.71,4.49,179504700,1.19
38,3.38,84.09,1.5,84.31,0,0,85.44,82.63,80.93,76.86,83.49,74.65,83.77,65.98,,0,83.98,300861,2021-06-30,1,114573356.88,3.41,136246500,0.84
39,4.95,83.43,-0.95,83.51,0,0,85.9,81.73,81.71,77.38,83.63,75.25,83.46,66.42,,0,85,300861,2021-07-01,1,122933519.86,3.68,147355100,0.86
40,4.61,81.07,-3.48,80.6,0,0,83.82,79.97,82.17,77.79,82.81,75.68,82.92,66.84,,0,83.56,300861,2021-07-02,1,163415470.5,5.04,201585000,1.3
41,2.62,81.68,1.65,81.93,0,0,82.7,80.59,82.45,78.3,82.01,76.2,82.68,67.27,,0,80.6,300861,2021-07-05,1,87639818.26,2.68,107297200,0.66
42,5.36,79.8,-2.6,79.8,0,0,82.49,78.1,82.47,78.67,80.78,76.65,82.03,67.69,,0,82,300861,2021-07-06,1,101368080.23,3.18,127033800,0.82
43,7.08,82.59,4.9,83.71,0,0,84.7,79.05,82.84,79.24,81.81,77.15,81.91,68.18,,0,79.58,300861,2021-07-07,1,126765728.59,3.84,153496700,1.07
44,5.42,85.39,0.05,83.75,0,0,88,83.46,82.71,79.81,82.42,77.6,81.96,68.68,,0,84.9,300861,2021-07-08,1,132481114.36,3.88,155139400,1.05
45,6.34,82.04,-2.09,82,0,0,84.96,79.65,82.58,80.31,83.15,77.88,82.24,69.16,,0,83.02,300861,2021-07-09,1,152659899.49,4.65,186075700,1.25
46,3.68,83.04,0.62,82.51,0,0,84.58,81.56,82.52,80.77,82.75,78.17,82.35,69.68,,0,83.35,300861,2021-07-12,1,124382555.16,3.74,149783500,1.03
47,3.59,81.71,-0.97,81.71,0,0,83.47,80.51,82.38,81.05,82.07,78.4,82.74,70.17,,0,82.51,300861,2021-07-13,1,70620780.49,2.16,86425600,0.56
48,10.49,76.35,-6.01,76.8,0,0,81.64,73.07,81.63,81.28,80.34,78.45,81.35,70.58,,0,81,300861,2021-07-14,1,280815457.55,9.19,367820700,2.52
49,3.98,77.29,1.26,77.77,0,0,78.62,75.56,81.06,81.38,78.76,78.61,80.16,70.98,,0,76.24,300861,2021-07-15,1,98561713.19,3.19,127521000,0.67
50,5.75,77.56,-1.63,76.5,0,0,80.48,76.01,80.65,81.41,77.02,78.74,79.06,71.31,,0,77.77,300861,2021-07-16,1,159708458.7,5.15,205907200,1.12
51,4.58,77.2,1.32,77.51,0,0,78.51,75.01,80.21,81.33,77.26,78.93,78.06,71.67,,0,76,300861,2021-07-19,1,70606458.26,2.29,91456300,0.49
52,3.95,75.94,-1.06,76.69,0,0,77.35,74.29,79.9,81.18,76.9,79.08,77.05,72.01,,0,77.35,300861,2021-07-20,1,88968040.38,2.93,117151400,0.67
53,8.32,80.08,6.47,81.65,0,0,82.82,76.44,79.69,81.27,78.62,79.39,78.02,72.41,,0,78,300861,2021-07-21,1,130767162.49,4.08,163294100,0.9
54,4.87,81.54,0.43,82,0,0,83.58,79.6,79.51,81.11,80.11,79.71,78.87,72.86,,0,81.11,300861,2021-07-22,1,108225225.95,3.32,132720800,0.94
55,3.16,81.6,-0.09,81.93,0,0,82.78,80.19,79.51,81.04,81.86,80.04,79.96,73.3,,0,81.25,300861,2021-07-23,1,94540394.23,2.9,115851900,0.82
56,7.34,79.99,-2.71,79.71,0,0,83.23,77.22,79.23,80.87,81.21,80.25,80.4,73.69,,0,82.07,300861,2021-07-26,1,141989529.22,4.44,177505600,1.43
57,8.81,77.83,-6.49,74.54,0,0,81.56,74.54,78.51,80.45,78.73,80.2,79.97,74.02,,0,80.1,300861,2021-07-27,1,109348169.7,3.51,140495000,0.99
58,7.08,74.59,1.05,75.32,0,0,76.79,71.51,78.36,80,76.52,80.31,78.7,74.31,,0,74.14,300861,2021-07-28,1,107470759.57,3.6,144089500,0.99
59,6.25,78.52,5.67,79.59,0,0,80.28,75.57,78.54,79.8,76.48,80.44,78.22,74.64,,0,78,300861,2021-07-29,1,107891637.96,3.43,137410500,0.97
60,4.61,79.96,1.8,81.02,0,0,81.37,77.7,79,79.82,78.64,80.6,78.04,74.95,,0,79.5,300861,2021-07-30,1,119873133,3.75,149920000,1.05
61,6.62,79,-3.43,78.24,0,0,82.38,77.02,79.07,79.64,79.62,80.57,77.74,75.28,,0,81,300861,2021-08-02,1,109391523.83,3.46,138467700,0.92
62,6.62,75.67,-5.62,73.84,0,0,79,73.82,78.78,79.34,77.7,80.38,77.6,75.51,,0,79,300861,2021-08-03,1,97159012.75,3.21,128392500,0.9
63,3.95,75.41,3.44,76.38,0,0,76.74,73.82,78.26,78.97,76.15,80.26,77.81,75.8,,0,73.83,300861,2021-08-04,1,66960548.18,2.22,88800600,0.64
64,2.45,75.38,-1.6,75.16,0,0,76.48,74.61,77.57,78.54,75.13,79.93,76.93,76,,0,76,300861,2021-08-05,1,46600414.91,1.55,61818700,0.48
65,5.43,72.82,-4.36,71.88,0,0,75.67,71.59,76.57,78.04,74.47,79.55,75.1,76.18,,0,75.4,300861,2021-08-06,1,126633508.1,4.35,173900600,1.53
66,5.26,69.77,-1.35,70.91,0,0,71.89,68.11,75.69,77.46,72.65,79.14,73.63,76.31,,0,71.88,300861,2021-08-09,1,138300068.02,4.95,198215900,1.68
67,4.77,71.1,0.13,71,0,0,72.88,69.5,75.33,76.92,71.26,78.74,73.07,76.39,,0,69.5,300861,2021-08-10,1,69363793.94,2.44,97554600,0.75
68,6.51,72.15,1.97,72.4,0,0,74.5,69.88,75.04,76.7,71.44,78.35,72.27,76.5,,0,71,300861,2021-08-11,1,90799018.8,3.15,125851000,1.01
69,2.72,72.7,0.01,72.41,0,0,73.77,71.8,74.32,76.43,71.94,77.98,71.72,76.61,,0,72.4,300861,2021-08-12,1,60358586.81,2.08,83022700,0.63
70,2.76,72.36,-0.47,72.07,0,0,73.6,71.6,73.43,76.21,72.29,77.69,71.76,76.69,,0,72.1,300861,2021-08-13,1,51560572.27,1.78,71260200,0.53
71,3.94,70.3,-3.22,69.75,0,0,72.5,69.66,72.58,75.82,71.41,77.29,71.53,76.74,,0,71.6,300861,2021-08-16,1,64755677.75,2.3,92116400,0.8
72,5.72,68.37,-3.3,67.45,0,0,70.99,67,71.94,75.36,69.76,76.87,70.82,76.76,,0,70.5,300861,2021-08-17,1,74426277.47,2.72,108860200,1.16
73,3.69,68.94,1.38,68.38,0,0,70.29,67.8,71.14,74.7,68.53,76.36,70.01,76.75,,0,68.01,300861,2021-08-18,1,74682511.22,2.71,108325500,1.13
74,5.76,67.08,-2.98,66.34,0,0,70,66.06,70.26,73.92,67.39,75.78,68.8,76.69,,0,68.92,300861,2021-08-19,1,107909653,4.02,160870000,1.74
75,8.09,68.63,1.15,67.1,0,0,71.68,66.31,69.78,73.17,67.27,75.29,67.8,76.58,,0,67.67,300861,2021-08-20,1,158148192.95,5.76,230434800,2.13
76,6.83,71.33,7.32,72.01,0,0,72.58,68,69.89,72.79,68.48,74.94,68.26,76.55,,0,68.14,300861,2021-08-23,1,122881956.72,4.31,172281700,1.23
77,5.08,74.44,1.81,73.31,0,0,76.58,72.92,70.12,72.73,70.81,74.66,69.43,76.53,,0,73.3,300861,2021-08-24,1,313200613.39,2.09,420747900,2.69
78,4.09,74.28,2.31,75,0,0,75.5,72.5,70.38,72.71,73.44,74.6,70.75,76.52,,0,74,300861,2021-08-25,1,430651702.75,3.3,579729800,2.65
79,16,82.46,15.47,86.6,0,0,87.5,75.5,71.8,73.06,78.3,74.89,74.8,76.75,,0,75.5,300861,2021-08-26,1,685336433.15,4.73,831089700,2.66
80,6.47,88.4,0.81,87.3,0,0,91.29,85.69,73.32,73.38,82.97,75.25,78.84,76.99,,0,88.6,300861,2021-08-27,1,522531072.09,3.37,591104200,1.32
81,3.84,88.61,1.43,88.55,0,0,89.7,86.35,75.2,73.89,87.48,75.62,82.15,77.28,,0,88.85,300861,2021-08-30,1,587708789.75,3.78,663268400,1.28
82,4.51,88.86,-1.08,87.59,0,0,90.6,86.61,77.22,74.58,87.81,75.98,85.01,77.53,,0,88.8,300861,2021-08-31,1,267571832,1.72,301117300,0.49
83,8.17,87.9,-2.96,85,0,0,91.6,84.44,78.88,75.01,87.05,76.09,87.01,77.74,,0,87.1,300861,2021-09-01,1,499775016.83,3.24,568557100,0.96
84,5.82,84.93,0.01,85.01,0,0,87.57,82.62,80.75,75.5,85.87,76.19,86.69,77.95,,0,84.71,300861,2021-09-02,1,326276536.04,2.19,384165900,0.65
85,6.59,85.55,-1.16,84.02,0,0,88.6,83,82.44,76.11,84.68,76.26,86.03,78.15,,0,85.2,300861,2021-09-03,1,246833570.71,1.64,288522400,0.58
86,4.77,82.57,-2.43,81.98,0,0,84.78,80.77,83.44,76.66,83.67,76.34,84.72,78.3,,0,80.77,300861,2021-09-06,1,264225392.51,1.82,319983600,0.73
87,2.74,82.42,0.05,82.02,0,0,83.75,81.5,84.31,77.21,82.67,76.59,83.61,78.4,,0,82.54,300861,2021-09-07,1,146854754.18,1.02,178187600,0.48
88,4.12,81.24,-2.24,80.18,0,0,83.38,80,84.83,77.6,81.39,76.75,82.64,78.53,,0,82.41,300861,2021-09-08,1,149743959.16,1.05,184321800,0.53
89,4.49,79.18,-0.05,80.14,0,0,81.2,77.6,84.18,77.99,80.78,76.77,81.67,78.6,,0,81,300861,2021-09-09,1,203050776.36,1.46,256444300,0.95
90,3.92,79.67,-0.2,79.98,0,0,81.16,78.02,83.45,78.39,80.1,76.73,80.86,78.67,,0,78.64,300861,2021-09-10,1,152748657.94,1.09,191737400,0.78
91,5.83,79.87,-1.66,78.65,0,0,82.46,77.8,82.46,78.83,79.59,76.75,80.19,78.66,,0,79.68,300861,2021-09-13,1,211083890.35,1.51,264287000,1.17
92,3.81,78.77,-0.95,77.9,0,0,80.25,77.25,81.49,79.35,78.84,76.88,79.37,78.63,,0,78.69,300861,2021-09-14,1,122931937.22,0.89,156066900,0.73
93,3.94,78.98,2.67,79.98,0,0,80.27,77.2,80.99,79.93,78.84,77,79.33,78.63,,0,77.5,300861,2021-09-15,1,142169511.83,1.03,180002200,0.85
94,6.38,77.24,-5.21,75.81,0,0,80.88,75.78,80.07,80.41,77.9,77.02,78.46,78.48,,0,80.02,300861,2021-09-16,1,372900188.89,2.75,482756600,2.3
95,8.56,81.16,3.75,81.6,0,0,82.97,76.24,79.82,81.13,79.13,77.35,78.79,78.45,,0,76.75,300861,2021-09-22,1,223894356.48,1.57,275882900,1.08
96,4.85,80.56,-0.67,81.05,0,0,82.5,78.54,79.73,81.58,79.49,77.69,79.27,78.42,,0,81.6,300861,2021-09-23,1,169182746.71,1.2,210006900,0.77
97,7.24,81.72,2.76,83.29,0,0,83.65,77.78,79.86,82.08,81.98,78.1,80.35,78.42,,0,80,300861,2021-09-24,1,250038087.56,1.74,305951900,1.17
98,4.55,81.42,-2.97,80.82,0,0,83,79.21,79.92,82.37,81.72,78.38,80.51,78.36,,0,83,300861,2021-09-27,1,181933129.58,1.27,223445300,0.77
99,2.92,81.01,0.64,81.34,0,0,81.9,79.54,80.04,82.11,81.82,78.67,81.62,78.32,,0,79.54,300861,2021-09-28,1,120762983.51,0.85,149075500,0.5
100,5.91,78.67,-5.62,76.77,0,0,81.25,76.44,79.72,81.58,79.64,78.83,80.65,78.26,,0,80.85,300861,2021-09-29,1,110447832.04,0.8,140401100,0.6
101,3.89,77.65,2.07,78.36,0,0,79.48,76.49,79.69,81.07,78.82,79.12,80.12,78.2,,0,77.95,300861,2021-09-30,1,103220798.38,0.76,132935400,0.65
102,4.86,78.15,-1.91,76.86,0,0,80.5,76.69,79.59,80.54,77.33,79.43,78.83,78.15,,0,79.5,300861,2021-10-08,1,85965651.48,0.63,109997600,0.58
103,5.26,76.94,0.39,77.16,1,25,78.78,74.74,79.31,80.15,77.46,79.72,78.1,78.04,,0,76.86,300861,2021-10-11,1,110029522.62,0.81,143000900,0.95
104,6.22,77.59,-1.5,76,2,1,79.9,75.1,79.33,79.7,76.67,80.05,77.03,77.91,,0,77.77,300861,2021-10-12,1,93394830.05,0.69,120371600,0.89
105,8.28,79.92,6.34,80.82,6,1,81.79,75.5,79.25,79.54,77.99,80.5,77.84,77.89,,0,77,300861,2021-10-13,1,208193981.3,1.48,260501100,2.01
106,4.62,82.18,1.27,81.85,20,1,84,80.27,79.33,79.53,79.56,80.83,78.54,77.88,,0,80.83,300861,2021-10-14,1,144029161.73,1,175257100,1.14
107,3.96,82.25,0.07,81.91,1,2,83.48,80.24,79.19,79.52,81.53,81.12,79.55,77.89,,0,81.3,300861,2021-10-15,1,180061714.19,1.25,218923200,1.35
108,4.26,83.62,2.81,84.21,22,1,84.6,81.11,79.53,79.73,82.66,81.43,80.96,78.01,,0,81.88,300861,2021-10-18,1,271957188.16,1.85,325248100,1.77
109,4.14,83.54,-1.19,83.21,24,1,85.49,82,79.72,79.88,83.11,81.31,82.4,78.1,,0,84.28,300861,2021-10-19,1,145978088.97,1,174730600,0.79
110,3.91,84.38,1.02,84.06,25,1,85.77,82.52,80.44,80.08,83.83,81.2,83.05,78.23,,0,83.8,300861,2021-10-20,1,149962679,1.01,177730000,0.77
111,2.74,84.06,-0.57,83.58,1,1,85.48,83.18,80.97,80.33,83.62,81.04,83.39,78.33,,0,84.45,300861,2021-10-21,1,112791387.32,0.76,134174800,0.63
112,3.27,83.35,-1.44,82.38,1,4,84.68,81.95,81.52,80.55,83.34,80.86,83.49,78.42,,0,83.98,300861,2021-10-22,1,95762175.36,0.65,114891200,0.56
113,4.14,84.72,2.94,84.8,3,1,85.68,82.27,82.28,80.79,83.59,80.86,83.61,78.48,,0,82.27,300861,2021-10-25,1,247163263.31,1.66,291746900,1.57
114,4.8,86.75,1.4,85.99,29,1,88.24,84.17,83.28,81.3,84.39,80.89,84.16,78.54,,0,84.46,300861,2021-10-26,1,207184303.91,1.36,238817600,1.34
115,4.06,86.02,0.01,86,1,2,87.5,84.01,83.8,81.52,85.6,80.96,84.55,78.61,,0,85.59,300861,2021-10-27,1,206807143.24,1.37,240405300,1.26
116,4.01,84.6,-3.19,83.26,1,3,86.45,83,83.94,81.63,85.08,81,84.49,78.67,,0,86,300861,2021-10-28,1,159706365.08,1.08,188777500,0.93
117,5.45,82.03,-0.28,83.03,1,10,84.92,80.38,84.05,81.62,84.1,81.03,84.62,78.81,,0,84.88,300861,2021-10-29,1,138535458.13,0.96,168888100,0.79
118,5.56,84.39,2.93,85.46,2,1,85.82,81.2,84.18,81.85,83.92,81.21,84.75,78.98,,0,82.9,300861,2021-11-01,1,193382180.14,1.31,229149800,1.02
119,4.45,84.54,-1.47,84.2,3,1,86.4,82.6,84.28,82,84.23,81.34,84.39,79.06,,0,84.79,300861,2021-11-02,1,122714520.09,0.83,145153300,0.68
120,5.94,82.61,-3.21,81.5,1,15,85,80,84.02,82.23,83.72,81.4,83.49,79.06,,0,84.47,300861,2021-11-03,1,113412512.08,0.78,137291500,0.71
121,4.79,84.14,1.71,82.89,2,1,85.19,81.29,83.95,82.46,82.86,81.54,83.42,79.14,,0,81.29,300861,2021-11-04,1,158896499.62,1.08,188847000,1.09
122,6.38,81.21,-0.82,82.21,1,17,83.86,78.57,83.93,82.73,82.2,81.68,83.25,79.28,,0,82.49,300861,2021-11-05,1,238675900.84,1.67,293884500,1.69
123,5.73,80.71,-3.08,79.68,1,1,83.83,79.12,83.42,82.85,81.59,81.67,82.1,79.34,,0,81.78,300861,2021-11-08,1,108132938.09,0.76,133977300,0.67
124,9.55,84.83,6.25,84.66,10,1,87.5,79.89,83.29,83.29,82.18,81.97,82.19,79.49,,0,79.89,300861,2021-11-09,1,327957838.57,2.2,386622500,2.15
125,5.76,82.63,-0.69,84.08,1,1,85.88,81,83.1,83.45,82.81,82.05,82.7,79.7,,0,84.67,300861,2021-11-10,1,150154763.32,1.04,181714000,0.8
126,3.08,82.58,-2.47,82,1,1,84.3,81.71,82.97,83.46,83.58,82.08,82.53,79.88,,0,83.6,300861,2021-11-11,1,95816444.45,0.66,116030000,0.49
127,3.12,82.69,0.49,82.4,1,2,84.06,81.5,82.91,83.48,82.83,82.05,82.56,80.07,,0,81.93,300861,2021-11-12,1,106488229.29,0.73,128785400,0.58
128,5.9,83.17,-1.09,81.5,3,4,85.66,80.8,82.51,83.34,81.97,82.07,82.93,80.22,,0,83.66,300861,2021-11-15,1,216987217.36,1.49,260891100,1.38
129,4.63,79.66,-3.08,78.99,1,24,82.33,78.56,81.99,83.13,80.96,81.99,81.79,80.33,,0,81,300861,2021-11-16,1,163183309.3,1.17,204855000,0.95
130,3.27,79.43,1.27,79.99,1,25,80.38,77.8,81.84,82.93,80.16,82.1,80.98,80.47,,0,79.49,300861,2021-11-17,1,106693410.79,0.77,134323900,0.75
131,5.15,79.88,1.89,81.5,2,26,81.5,77.38,81.7,82.83,80.16,82.21,80.88,80.66,,0,79.63,300861,2021-11-18,1,207728975.97,1.48,260043100,1.54
132,3.85,81.05,0.14,81.61,4,1,82.66,79.52,81.64,82.79,81.03,82.36,80.72,80.9,,0,81.2,300861,2021-11-19,1,122952939.98,0.86,151692600,0.77
133,5.16,84.19,4.14,84.99,9,1,86,81.79,82.17,82.8,82.7,82.63,81.42,81.17,,0,82,300861,2021-11-22,1,304849339.15,2.06,362097000,1.79
134,4,85.15,-1.64,83.6,10,1,87,83.6,82.07,82.68,83.4,82.88,82.34,81.46,,0,84.75,300861,2021-11-23,1,183250928.06,1.23,215204100,0.97
135,2.87,83.29,-0.57,83.12,1,2,84.78,82.38,81.97,82.53,83.9,82.96,82.96,81.73,,0,84.78,300861,2021-11-24,1,118087845.12,0.81,141775900,0.63
136,5.52,83.44,-1.91,81.53,2,4,85.58,80.99,81.92,82.45,82.75,82.94,82.97,81.89,,0,84.78,300861,2021-11-25,1,197292896.29,1.35,236442400,1.05
137,4.28,79.14,-3.07,79.03,1,6,81.19,77.7,81.59,82.25,81.23,82.85,82.45,81.98,,0,81.19,300861,2021-11-26,1,241001802.76,1.73,304517200,1.38
138,3.05,77.98,-1.1,78.16,1,7,79.91,77.5,81.25,81.88,79.57,82.65,81.09,82.04,,0,78.66,300861,2021-11-29,1,172377067.2,1.26,221045100,0.88
139,3.93,78.39,0.18,78.3,2,34,80.29,77.22,81.18,81.59,78.5,82.48,80.03,81.9,,0,78.9,300861,2021-11-30,1,231431117.01,1.68,295230000,1.32
140,2.87,78.24,0,78.3,1,1,79.65,77.4,81.01,81.43,78.25,82.29,79.06,81.75,,0,77.65,300861,2021-12-01,1,113280717.17,0.82,144785200,0.6
141,4.09,76.22,-2.94,76,1,38,78.3,75.1,80.46,81.08,77.53,82.04,77.96,81.54,,0,78.18,300861,2021-12-02,1,152146646.24,1.14,199622400,0.83
142,2.01,76.38,0.91,76.69,1,1,76.95,75.42,79.97,80.81,77,81.85,77.49,81.36,,0,76.17,300861,2021-12-03,1,95874979.41,0.72,125519400,0.54
143,4.94,74.92,-3.51,74,2,65,77.5,73.71,78.87,80.52,75.56,81.49,76.66,81.17,,0,76.8,300861,2021-12-06,1,161225390.34,1.23,215196000,1.09
144,3.34,73.22,-0.7,73.48,1,68,74.88,72.41,77.86,79.96,74.72,81.07,75.69,80.98,,0,74.88,300861,2021-12-07,1,145097478.35,1.13,198174900,1.01
145,3.21,72.87,-0.71,72.96,1,69,74.68,72.32,76.85,79.41,73.48,80.64,74.63,80.8,,0,73.21,300861,2021-12-08,1,150738330.21,1.18,206862800,1.17
146,1.52,72.75,-0.45,72.63,1,1,73.49,72.38,75.96,78.94,73.02,80.28,73.95,80.64,,0,72.5,300861,2021-12-09,1,112141208.71,0.88,154144300,0.82
147,3.03,73.94,2.55,74.48,2,1,74.6,72.4,75.5,78.54,73.36,80,73.51,80.52,,0,72.44,300861,2021-12-10,1,163501625.61,1.26,221138100,1.23
148,1.6,74.07,-0.5,74.11,4,1,74.78,73.59,75.1,78.17,73.74,79.62,73.53,80.41,,0,74.78,300861,2021-12-13,1,83460065.45,0.64,112683900,0.57
149,3.95,74.99,1.51,75.23,6,2,76.23,73.3,74.79,77.99,74.61,79.32,73.88,80.33,,0,73.81,300861,2021-12-14,1,95053768.68,0.72,126756600,0.71
150,1.57,75.26,-0.13,75.13,1,1,75.88,74.7,74.47,77.74,74.82,79.11,74.32,80.25,,0,74.73,300861,2021-12-15,1,71951174.76,0.54,95603000,0.58
151,1.65,75.54,0.56,75.55,2,1,75.95,74.71,74.43,77.45,75.3,78.86,74.9,80.2,,0,74.71,300861,2021-12-16,1,67446435.64,0.51,89288400,0.63
152,4.5,73.03,-4.3,72.3,1,76,75.4,72,73.99,76.98,74.33,78.53,74.46,80.11,,0,75,300861,2021-12-17,1,153673272.92,1.2,210436400,1.63
153,4.29,70.28,-3.28,69.93,1,77,72.1,69,73.58,76.23,72.59,78.21,73.63,79.94,,0,72.1,300861,2021-12-20,1,110640189.84,0.9,157425200,1.24
154,4.33,69.53,-0.23,69.77,1,78,71.31,68.28,73.21,75.54,70.67,77.71,72.54,79.84,,0,69.95,300861,2021-12-21,1,66441190.05,0.54,95561200,0.7
155,4.62,71.27,2.85,71.76,3,1,72.69,69.47,73.09,74.97,70.49,77.3,71.86,79.67,,0,70.6,300861,2021-12-22,1,107096629.78,0.86,150270200,1.16
156,4.57,73.25,3.21,74.06,4,1,74.33,71.05,73.23,74.59,71.86,77.04,71.56,79.56,,0,71.91,300861,2021-12-23,1,118606374.51,0.92,161927200,1.15
157,2.84,73.68,0.77,74.63,5,1,74.9,72.8,73.25,74.37,73.48,76.78,72.03,79.41,,0,73.94,300861,2021-12-24,1,87924074.2,0.68,119332000,0.77
158,3.04,72.87,-3.42,72.08,1,2,74.31,72.04,73.04,74.07,73.59,76.46,72.46,79.27,,0,73.8,300861,2021-12-27,1,89679038.13,0.7,123072000,0.9
159,5.02,73.92,3.93,74.91,7,3,75,71.38,73.01,73.9,73.87,76.33,73.49,79.16,,0,71.38,300861,2021-12-28,1,142437365.92,1.1,192702900,1.48
160,4.43,75.02,0.59,75.35,17,1,76.46,73.14,73.03,73.75,74.11,76.17,74.21,79.14,,0,74.53,300861,2021-12-29,1,128453460.88,0.98,171216600,1.15
161,1.84,75.3,0,75.35,1,1,75.88,74.49,73.01,73.72,75.2,75.97,74.46,79.09,,0,75.01,300861,2021-12-30,1,78373524.2,0.59,104086500,0.68
162,6.72,78.56,3.21,77.77,25,1,80.56,75.5,73.56,73.77,76.16,75.84,75.09,79.1,,0,75.6,300861,2021-12-31,1,314742138.85,2.28,400633200,2.82
163,5.94,76.1,-3.64,74.94,1,3,78.77,74.15,74.06,73.82,76.02,75.51,75.66,79.07,,0,77.62,300861,2022-01-04,1,125911148.05,0.94,165460300,0.83
164,5.46,73.55,-2.22,73.28,1,5,76.3,72.21,74.41,73.81,75.33,75.16,75.34,79.02,,0,74.95,300861,2022-01-05,1,100658109.75,0.78,136861100,0.66
165,4.95,70.99,-2.97,71.1,1,10,73.49,69.86,74.35,73.72,73.11,74.76,74.49,78.86,,0,73.28,300861,2022-01-06,1,134811014.09,1.08,189906500,0.97
166,3.59,71.91,0.7,71.6,1,1,73.31,70.76,74.1,73.67,71.99,74.43,73.74,78.69,,0,71.47,300861,2022-01-07,1,105601190.02,0.84,146850000,0.74
167,3.88,70.46,-1.49,70.53,1,13,71.86,69.08,73.69,73.47,71.08,74.15,72.29,78.5,,0,70.5,300861,2022-01-10,1,123247056.94,1,174914300,0.84
168,7.05,68.02,-2.95,68.45,1,93,71.68,66.71,73.33,73.19,70.19,73.82,70.99,78.23,,120.169429,70.54,300861,2022-01-11,1,223317476.7,1.87,328319700,2.02
169,4.85,68.54,-0.8,67.9,0,0,70.6,67.28,72.63,72.82,68.96,73.48,69.92,77.98,,119.20386,69,300861,2022-01-12,1,136488724.76,1.13,199129100,1.02
170,3.78,66.42,-2.55,66.17,0,0,68.17,65.6,71.71,72.37,67.51,73.07,68.93,77.68,,116.166707,68,300861,2022-01-13,1,92423679.36,0.79,139153100,0.67
171,2.09,66.6,0.56,66.54,0,0,67.3,65.92,70.83,71.92,66.87,72.76,67.92,77.4,,116.816272,67.18,300861,2022-01-14,1,65011041.49,0.56,97608900,0.49
172,5.32,66.8,2.19,68,0,0,68.66,65.12,69.85,71.71,66.9,72.47,67.41,77.16,,119.379418,67.49,300861,2022-01-17,1,155839716.39,1.33,233276100,1.24
173,4.38,67.08,-2.71,66.16,0,0,68.96,65.98,68.97,71.52,66.9,72.21,66.95,76.85,,116.149152,67.77,300861,2022-01-18,1,109282870.05,0.93,162916900,0.82
174,2.13,65.45,-0.59,65.77,0,0,66.34,64.93,68.22,71.32,66.64,71.95,66.53,76.51,,115.464476,65.56,300861,2022-01-19,1,79251617.98,0.69,121079000,0.73
175,4.14,64.15,-2.46,64.15,0,0,66,63.28,67.53,70.94,65.36,71.65,66.12,76.15,,112.620436,66,300861,2022-01-20,1,95567068.51,0.85,148984300,0.99
176,3.46,63.17,-1.9,62.93,0,0,64.7,62.48,66.66,70.38,64.28,71.33,65.4,75.81,,110.478629,64.15,300861,2022-01-21,1,70399902.46,0.63,111453800,0.73
177,6.31,64.09,4.18,65.56,0,0,65.66,61.69,66.16,69.93,64.21,71.03,64.91,75.52,,115.095804,62.94,300861,2022-01-24,1,115748621.57,1.03,180605500,1.16
178,5.77,63.33,-5.63,61.87,0,0,65.51,61.73,65.51,69.42,63.45,70.63,64.06,75.12,,108.617715,64.96,300861,2022-01-25,1,103701528.04,0.93,163756600,1.13
179,4.06,63.06,1.73,62.94,0,0,64.24,61.73,65.01,68.82,63.46,70.22,63.49,74.77,,110.496185,61.87,300861,2022-01-26,1,92032684.06,0.83,145933200,1.01
180,3.77,63.63,0.16,63.04,0,0,64.82,62.45,64.7,68.2,62.62,69.81,63.27,74.46,,110.671743,63.62,300861,2022-01-27,1,149039800.07,1.33,234235100,1.56
181,5.71,61.72,-1.89,61.85,0,0,63.65,60.05,0,0,0,0,0,0,,108.582603,62.68,300861,2022-01-28,1,124276248.27,1.15,201368100,0
182,10.28,62.69,-2.75,60.15,0,0,66.09,59.73,0,0,0,0,0,0,,105.598118,63.83,300861,2022-02-07,1,344548242.13,3.13,549606000,0
183,5.14,58.93,-1.33,59.35,0,0,60.55,57.46,0,0,0,0,0,0,,104.193654,59.59,300861,2022-02-08,1,195333595.57,1.89,331454800,0
184,5.14,58.78,-0.42,59.1,0,0,60.27,57.22,0,0,0,0,0,0,,103.754759,59.61,300861,2022-02-09,1,190052221.22,1.84,323353500,0
185,4.59,57.46,-2.62,57.55,0,0,59.41,56.7,0,0,0,0,0,0,,101.033611,59.29,300861,2022-02-10,1,169057077.36,1.68,294225000,0
186,5.02,58.62,1.88,58.63,0,0,60.29,57.4,0,0,0,0,0,0,,102.929637,58.16,300861,2022-02-11,1,216596590.4,2.1,369504500,0
187,4.42,58.82,-0.15,58.54,0,0,60.47,57.88,0,0,0,0,0,0,,102.771634,58.63,300861,2022-02-14,1,202773060.9,1.96,344745500,0
188,7.96,61.6,7.21,62.76,0,0,62.98,58.32,0,0,0,0,0,0,,110.180181,58.48,300861,2022-02-15,1,263817186.02,2.44,428241900,0
189,2.8,62.77,1.02,63.4,0,0,63.6,61.84,0,0,0,0,0,0,,111.303752,63.26,300861,2022-02-16,1,172759305.72,1.57,275230300,0
190,4.24,64.32,1.96,64.64,0,0,65.3,62.61,0,0,0,0,0,0,,113.480671,62.97,300861,2022-02-17,1,199612068.07,1.77,310346800,0
191,3.26,64.71,0.37,64.88,0,0,65.39,63.28,0,0,0,0,0,0,,113.90201,65.2,300861,2022-02-18,1,157206838.22,1.38,242947100,0
192,3.3,64.34,-0.63,64.47,0,0,65.64,63.5,0,0,0,0,0,0,,113.182222,65.13,300861,2022-02-21,1,112279384.31,0.99,174505200,0
193,2.42,63.87,-0.62,64.07,0,0,64.65,63.09,0,0,0,0,0,0,,112.47999,63.51,300861,2022-02-22,1,86494072.22,0.77,135422200,0
194,7.32,67.09,5.96,67.89,0,0,68.68,63.99,0,0,0,0,0,0,,119.186304,64.55,300861,2022-02-23,1,303274695.6,2.57,452037500,0
195,7.59,66.48,-3.52,65.5,0,0,68.45,63.3,0,0,0,0,0,0,,114.990469,67.77,300861,2022-02-24,1,268499091.28,2.3,403905600,0
196,3.05,66.36,1.18,66.27,0,0,67.6,65.6,0,0,0,0,0,0,,116.342265,65.98,300861,2022-02-25,1,222017211.58,1.91,334545400,0
197,4.69,67.16,1.13,67.02,0,0,68.13,65.02,0,0,0,0,0,0,,117.65895,66.3,300861,2022-02-28,1,205878306,1.75,306565900,0

